<?xml version="1.0" encoding="UTF-8"?>
<!DOCTYPE mapper
  PUBLIC "-//mybatis.org//DTD Mapper 3.0//EN"
  "http://mybatis.org/dtd/mybatis-3-mapper.dtd">
<mapper namespace="www.dream.com.board.model.mapper.BoardMapper">
	<resultMap id="boardResultMap"
		type="www.dream.com.board.model.BoardVO"
		extends="www.dream.com.framework.model.mapper.FrameworkMapper.commonMngInfoResultMap">
		<constructor>
			<idArg column="id" javaType="long" />
		</constructor>
		<result property="name" column="name" />
	</resultMap>

	<select id="selectAllBoard" resultMap="boardResultMap">
	<![CDATA[
		select *
		  from T_Board
	]]>
	</select>
	
</mapper>