<?xml version="1.0" encoding="UTF-8"?>
<beans xmlns="http://www.springframework.org/schema/beans"
	xmlns:xsi="http://www.w3.org/2001/XMLSchema-instance"
	xmlns:context="http://www.springframework.org/schema/context"
	xmlns:mybatis-spring="http://mybatis.org/schema/mybatis-spring"
	xmlns:tx="http://www.springframework.org/schema/tx"
	xmlns:aop="http://www.springframework.org/schema/aop"
	xsi:schemaLocation="http://mybatis.org/schema/mybatis-spring http://mybatis.org/schema/mybatis-spring-1.2.xsd
		http://www.springframework.org/schema/beans https://www.springframework.org/schema/beans/spring-beans.xsd
		http://www.springframework.org/schema/context http://www.springframework.org/schema/context/spring-context-4.3.xsd
		http://www.springframework.org/schema/aop http://www.springframework.org/schema/aop/spring-aop-4.3.xsd
		http://www.springframework.org/schema/tx http://www.springframework.org/schema/tx/spring-tx-4.3.xsd">

	<bean id="hikariConfig" class="com.zaxxer.hikari.HikariConfig">
		<property name="driverClassName"
			value="oracle.jdbc.driver.OracleDriver" />
		<property name="jdbcUrl"
			value="jdbc:oracle:thin:@localhost:1521:orcl" />
		<property name="username" value="DREAMER" />
		<property name="password" value="DREAMER" />
		<property name="maximumPoolSize" value="5" />
	</bean>

	<bean id="dataSource" class="com.zaxxer.hikari.HikariDataSource"
		destroy-method="close">
		<constructor-arg ref="hikariConfig" />
	</bean>
	<bean id="sqlSessionFactory"
		class="org.mybatis.spring.SqlSessionFactoryBean">
		<property name="dataSource" ref="dataSource"></property>
	</bean>
	<bean id="transactionManager"
		class="org.springframework.jdbc.datasource.DataSourceTransactionManager">
		<property name="dataSource" ref="dataSource"></property>
	</bean>
	<tx:annotation-driven transaction-manager="transactionManager"/>

	<context:component-scan
		base-package="www.dream.com.framework.util"></context:component-scan>
	<context:component-scan
		base-package="www.dream.com.framework.attachFile.service"></context:component-scan>
	<context:component-scan
		base-package="www.dream.com.framework.hashTagAnalyzer.service"></context:component-scan>
	<context:component-scan
		base-package="www.dream.com.party.service"></context:component-scan>
	<context:component-scan
		base-package="www.dream.com.board.service"></context:component-scan>

	<mybatis-spring:scan
		base-package="www.dream.com.framework.attachFile.model.mapper" />
	<mybatis-spring:scan
		base-package="www.dream.com.framework.hashTagAnalyzer.model.mapper" />
	<mybatis-spring:scan
		base-package="www.dream.com.framework.model.mapper" />
	<mybatis-spring:scan
		base-package="www.dream.com.party.model.mapper" />
	<mybatis-spring:scan
		base-package="www.dream.com.product.model.mapper" />
	<mybatis-spring:scan
		base-package="www.dream.com.board.model.mapper" />

	<aop:aspectj-autoproxy></aop:aspectj-autoproxy>
</beans>
