<?xml version="1.0" encoding="UTF-8"?>
<beans xmlns="http://www.springframework.org/schema/beans"
	xmlns:xsi="http://www.w3.org/2001/XMLSchema-instance"
	xmlns:security="http://www.springframework.org/schema/security"
	xsi:schemaLocation="http://www.springframework.org/schema/security http://www.springframework.org/schema/security/spring-security-5.3.xsd
		http://www.springframework.org/schema/beans http://www.springframework.org/schema/beans/spring-beans.xsd">

	<bean id="customAccessDenied" class="www.dream.com.party.security.CustomAccessDeniedHandler"></bean>
	<!-- bean id="customLoginSuccess" class="www.dream.com.party.security.CustomLoginSuccessHandler"></bean -->
	<bean id="myChoosenPwdEncoder" class="org.springframework.security.crypto.bcrypt.BCryptPasswordEncoder"></bean>
	<bean id="customUserDetailsService" class="www.dream.com.party.security.CustomUserDetailsService"></bean>

	<security:http>
		<!-- security:intercept-url pattern="/post/listPost" access="hasRole('ROLE_ADMIN')"/ -->
		<!-- Spring에서 미리 만들어지 로그인 화면을 사용할 것이여 -->
		<!-- authentication-success-handler-ref="customLoginSuccess" -->
		<security:form-login login-page="/customLogin" />
		<security:access-denied-handler ref="customAccessDenied"/>
		<security:logout logout-url="/customLogout" invalidate-session="true" delete-cookies="remember-me,JSESSION_ID"/>
		<security:remember-me data-source-ref="dataSource" token-validity-seconds="60"/>
	</security:http>
	<security:authentication-manager>
		<security:authentication-provider user-service-ref="customUserDetailsService">
			<!-- 
			<security:user-service>
				<security:user name="admin" password="{noop}admin" authorities="ROLE_ADMIN"/>
				<security:user name="member" password="{noop}member" authorities="ROLE_MEMBER"/>
			</security:user-service>
			 -->

			<security:password-encoder ref="myChoosenPwdEncoder"/>

		</security:authentication-provider>
	</security:authentication-manager>
</beans>
