<?xml version="1.0" encoding="UTF-8"?>
<!DOCTYPE mapper
  PUBLIC "-//mybatis.org//DTD Mapper 3.0//EN"
  "http://mybatis.org/dtd/mybatis-3-mapper.dtd">
<mapper namespace="www.dream.com.user.model.mapper.UserMapper">
	<resultMap id="UserResultMap"
		type="www.dream.com.user.model.mapper.UserVO">
		<result property="id" column="id" />
		<result property="name" column="name" />
		<result property="birthDate" column="birth_date" />
		<result property="loginId" column="login_id" />
		<result property="password" column="password" />
	</resultMap>
	
	<!-- 모든 지정한 User 다 가져오기 -->
	<select id="selectAllUser" resultMap="UserResultMap">
	<![CDATA[
		select *
		  from C_User
	]]>
	</select>
</mapper>