<?xml version="1.0" encoding="UTF-8"?>
<!DOCTYPE mapper
  PUBLIC "-//mybatis.org//DTD Mapper 3.0//EN"
  "http://mybatis.org/dtd/mybatis-3-mapper.dtd">
<mapper namespace="www.dream.com.location.mapper.LocationMapper">
	<resultMap id="locationResultMap"
		type="www.dream.com.location.LocationVO">
		<result property="id" column="id" />
		<result property="latitude" column="latitude" />
		<result property="longitude" column="longitude" />
	</resultMap>
	
	<!-- 모든 지정한 User 다 가져오기 -->
	<select id="selectAllLocation" resultMap="locationResultMap">
	<![CDATA[
		select *
		  from C_Location
	]]>
	</select>
	
	<select id="findLocationById" resultMap="locationResultMap">
	<![CDATA[
		select id
		  from C_Location
	]]>
	</select>
	
	<insert id="confirmLocate">
		<selectKey keyProperty="id" order="BEFORE" resultType="long">
			select seq4Location_id.nextval from dual <!-- 현재 값 체크 -->
		</selectKey>
		<![CDATA[
		insert into C_Location(id, latitude, longitude)
		       values(#{id}, #{latitude}, #{longitude})
		]]>
	</insert>
</mapper>