<?xml version="1.0" encoding="UTF-8"?>
<!DOCTYPE mapper
  PUBLIC "-//mybatis.org//DTD Mapper 3.0//EN"
  "http://mybatis.org/dtd/mybatis-3-mapper.dtd">
<mapper namespace="www.dream.com.product.model.mapper.ProductMapper">
	<resultMap id="productPropResultMap"
		type="www.dream.com.product.model.ProductVO"
		extends="www.dream.com.framework.model.mapper.FrameworkMapper.commonMngInfoResultMap">
		<constructor>
			<idArg column="id" javaType="long" />
		</constructor>
		<result property="name" column="name" />
		<result property="value" column="value" />
		<result property="descript" column="descript" />
		<result property="sellerId" column="seller_id" />
	</resultMap>

	<resultMap id="productResultMap"
		type="www.dream.com.product.model.ProductVO"
		extends="productPropResultMap">
  		
		<discriminator javaType="String" column="product_type">
			<case value="composer" resultMap="composerResultMap" />
			<case value="elementary" resultMap="elementaryResultMap" />
		</discriminator>
	</resultMap>
	<resultMap id="composerResultMap"
		type="www.dream.com.product.model.ProductComposerVO" extends="productResultMap">
		<!-- Composition 관계, 1:N -->
		<collection property="listBom"
			resultMap="productResultMap" columnPrefix="d_">
		</collection>
	</resultMap>
	<resultMap id="elementaryResultMap"
		type="www.dream.com.product.model.ElementaryProductVO"
		extends="productResultMap">
	</resultMap>

	<resultMap id="productWithSellerResultMap"
		type="www.dream.com.product.model.ProductVO"
		extends="productPropResultMap">

		<association property="seller" column="seller_id" resultMap="www.dream.com.party.model.mapper.PartyMapper.partyResultMap" columnPrefix="s_">
		</association>
  		
		<discriminator javaType="String" column="product_type">
			<case value="composer" resultMap="composerWithSellerResultMap" />
			<case value="elementary" resultMap="elementaryWithSellerResultMap" />
		</discriminator>
	</resultMap>
	<resultMap id="composerWithSellerResultMap"
		type="www.dream.com.product.model.ProductComposerVO" extends="productWithSellerResultMap">
		<!-- Composition 관계, 1:N -->
		<collection property="listBom"
			resultMap="productResultMap" columnPrefix="d_">
		</collection>
	</resultMap>
	<resultMap id="elementaryWithSellerResultMap"
		type="www.dream.com.product.model.ElementaryProductVO"
		extends="productWithSellerResultMap">
	</resultMap>
	
	<select id="selectProduct" resultMap="productResultMap">
	<![CDATA[
		select r.*		
		  from T_Product r
		 where r.id = #{id}
	]]>
	</select>
	
	<select id="selectProductWithSeller" resultMap="productWithSellerResultMap">
	<![CDATA[
		select r.*, p.id s_id, p.name s_name, p.birth_date s_birth_date, p.party_type s_party_type,
			   p.login_id s_login_id, p.password s_password, p.gender s_gender, p.descript s_descript,
			   p.reg_date s_reg_date, p.update_date s_update_date		
		  from T_Product r
			   left outer join T_Party p on r.seller_id = p.id
		 where r.id = #{id}
	]]>
	</select>

	<select id="selectProductWithSellerAndBom" resultMap="productWithSellerResultMap">
	<![CDATA[
		select r.*, p.id s_id, p.name s_name, p.birth_date s_birth_date, p.party_type s_party_type,
			   p.login_id s_login_id, p.password s_password, p.gender s_gender, p.descript s_descript,
			   p.reg_date s_reg_date, p.update_date s_update_date,
			   d.id d_id, d.name d_name, d.value d_value, d.descript d_descript, d.seller_id d_seller_id,
			   d.product_type d_product_type, d.reg_date d_reg_date, d.update_date d_update_date		
		  from T_Product r
			   left outer join T_Party p on r.seller_id = p.id
			   left outer join T_Product d on r.id = d.composer_id
		 where r.id = #{id}
	]]>
	</select>
	
</mapper>